entity_id,short_text,ambiguous_entity,candidate_link
243468422904688640_multi,"I have discovered washi tape and now I am in love. Multi-colored, multi-patterned masking tape for every #craft thing you can think of.",multi,http://en.wikipedia.org/wiki/Multiplication
243468422904688640_multi,"I have discovered washi tape and now I am in love. Multi-colored, multi-patterned masking tape for every #craft thing you can think of.",multi,http://en.wikipedia.org/wiki/Multiculturalism
243468422904688640_love,"I have discovered washi tape and now I am in love. Multi-colored, multi-patterned masking tape for every #craft thing you can think of.",love,http://en.wikipedia.org/wiki/Love
243468422904688640_love,"I have discovered washi tape and now I am in love. Multi-colored, multi-patterned masking tape for every #craft thing you can think of.",love,http://en.wikipedia.org/wiki/Romance_(love)
243468422904688640_craft,"I have discovered washi tape and now I am in love. Multi-colored, multi-patterned masking tape for every #craft thing you can think of.",craft,http://en.wikipedia.org/wiki/Craft_unionism
243468422904688640_craft,"I have discovered washi tape and now I am in love. Multi-colored, multi-patterned masking tape for every #craft thing you can think of.",craft,http://en.wikipedia.org/wiki/Craft_beer
243468422904688640_craft,"I have discovered washi tape and now I am in love. Multi-colored, multi-patterned masking tape for every #craft thing you can think of.",craft,http://en.wikipedia.org/wiki/Craft
243468422904688640_craft,"I have discovered washi tape and now I am in love. Multi-colored, multi-patterned masking tape for every #craft thing you can think of.",craft,http://en.wikipedia.org/wiki/Robert_Craft
243468422904688640_craft,"I have discovered washi tape and now I am in love. Multi-colored, multi-patterned masking tape for every #craft thing you can think of.",craft,http://en.wikipedia.org/wiki/The_Craft_(film)
243468422904688640_craft,"I have discovered washi tape and now I am in love. Multi-colored, multi-patterned masking tape for every #craft thing you can think of.",craft,http://en.wikipedia.org/wiki/Arts_and_crafts
243468422904688640_craft,"I have discovered washi tape and now I am in love. Multi-colored, multi-patterned masking tape for every #craft thing you can think of.",craft,http://en.wikipedia.org/wiki/Witchcraft
243468422904688640_tape,"I have discovered washi tape and now I am in love. Multi-colored, multi-patterned masking tape for every #craft thing you can think of.",tape,http://en.wikipedia.org/wiki/Pressure_sensitive_tape
243468422904688640_tape,"I have discovered washi tape and now I am in love. Multi-colored, multi-patterned masking tape for every #craft thing you can think of.",tape,http://en.wikipedia.org/wiki/Videotape
243468422904688640_tape,"I have discovered washi tape and now I am in love. Multi-colored, multi-patterned masking tape for every #craft thing you can think of.",tape,http://en.wikipedia.org/wiki/Tape_music
243468422904688640_tape,"I have discovered washi tape and now I am in love. Multi-colored, multi-patterned masking tape for every #craft thing you can think of.",tape,http://en.wikipedia.org/wiki/Magnetic_tape
243468422904688640_tape,"I have discovered washi tape and now I am in love. Multi-colored, multi-patterned masking tape for every #craft thing you can think of.",tape,http://en.wikipedia.org/wiki/Magnetic_tape_data_storage
243468422904688640_tape,"I have discovered washi tape and now I am in love. Multi-colored, multi-patterned masking tape for every #craft thing you can think of.",tape,http://en.wikipedia.org/wiki/Tape
243468422904688640_tape,"I have discovered washi tape and now I am in love. Multi-colored, multi-patterned masking tape for every #craft thing you can think of.",tape,http://en.wikipedia.org/wiki/Magnetic_tape_sound_recording
243468422904688640_tape,"I have discovered washi tape and now I am in love. Multi-colored, multi-patterned masking tape for every #craft thing you can think of.",tape,http://en.wikipedia.org/wiki/Tape_recorder
243468422904688640_tape,"I have discovered washi tape and now I am in love. Multi-colored, multi-patterned masking tape for every #craft thing you can think of.",tape,http://en.wikipedia.org/wiki/Compact_Cassette
243468422904688640_tape,"I have discovered washi tape and now I am in love. Multi-colored, multi-patterned masking tape for every #craft thing you can think of.",tape,http://en.wikipedia.org/wiki/Tape_drive
243468422904688640_tape,"I have discovered washi tape and now I am in love. Multi-colored, multi-patterned masking tape for every #craft thing you can think of.",tape,http://en.wikipedia.org/wiki/Digital_Audio_Tape
243468422904688640_tape,"I have discovered washi tape and now I am in love. Multi-colored, multi-patterned masking tape for every #craft thing you can think of.",tape,http://en.wikipedia.org/wiki/Adhesive_tape
243466125302714368_craft,Hottest gift wrap trends! We had NO idea: http://t.co/ns0IJl46 #giftwrap #craft #diy #gifts #wrapping,craft,http://en.wikipedia.org/wiki/Craft
243466125302714368_craft,Hottest gift wrap trends! We had NO idea: http://t.co/ns0IJl46 #giftwrap #craft #diy #gifts #wrapping,craft,http://en.wikipedia.org/wiki/Robert_Craft
243466125302714368_craft,Hottest gift wrap trends! We had NO idea: http://t.co/ns0IJl46 #giftwrap #craft #diy #gifts #wrapping,craft,http://en.wikipedia.org/wiki/Craft_unionism
243466125302714368_craft,Hottest gift wrap trends! We had NO idea: http://t.co/ns0IJl46 #giftwrap #craft #diy #gifts #wrapping,craft,http://en.wikipedia.org/wiki/Craft_beer
243466125302714368_craft,Hottest gift wrap trends! We had NO idea: http://t.co/ns0IJl46 #giftwrap #craft #diy #gifts #wrapping,craft,http://en.wikipedia.org/wiki/Arts_and_crafts
243466125302714368_craft,Hottest gift wrap trends! We had NO idea: http://t.co/ns0IJl46 #giftwrap #craft #diy #gifts #wrapping,craft,http://en.wikipedia.org/wiki/The_Craft_(film)
243466125302714368_craft,Hottest gift wrap trends! We had NO idea: http://t.co/ns0IJl46 #giftwrap #craft #diy #gifts #wrapping,craft,http://en.wikipedia.org/wiki/Witchcraft
243466125302714368_diy,Hottest gift wrap trends! We had NO idea: http://t.co/ns0IJl46 #giftwrap #craft #diy #gifts #wrapping,diy,http://en.wikipedia.org/wiki/DIY_culture
243466125302714368_diy,Hottest gift wrap trends! We had NO idea: http://t.co/ns0IJl46 #giftwrap #craft #diy #gifts #wrapping,diy,http://en.wikipedia.org/wiki/Do_it_yourself
243466125302714368_diy,Hottest gift wrap trends! We had NO idea: http://t.co/ns0IJl46 #giftwrap #craft #diy #gifts #wrapping,diy,http://en.wikipedia.org/wiki/DIY_ethic
243466125302714368_diy,Hottest gift wrap trends! We had NO idea: http://t.co/ns0IJl46 #giftwrap #craft #diy #gifts #wrapping,diy,http://en.wikipedia.org/wiki/DIY_Network
18363662339_tweet,"That previous tweet shows that not only does God always put us back in our place, He has quite the sense of humor about it.",tweet,http://en.wikipedia.org/wiki/Tweet
18363662339_tweet,"That previous tweet shows that not only does God always put us back in our place, He has quite the sense of humor about it.",tweet,http://en.wikipedia.org/wiki/Tweet_(singer)
18363662339_tweet,"That previous tweet shows that not only does God always put us back in our place, He has quite the sense of humor about it.",tweet,http://en.wikipedia.org/wiki/Twitter
385951167676416_temptation,"Watching ""Sister Wives"". I have both Mormon and polyamorist friends on FB. Resisting the temptation to post about the show over there.",temptation,http://en.wikipedia.org/wiki/The_Temptations
385951167676416_temptation,"Watching ""Sister Wives"". I have both Mormon and polyamorist friends on FB. Resisting the temptation to post about the show over there.",temptation,http://en.wikipedia.org/wiki/Temptation_of_Christ
385951167676416_temptation,"Watching ""Sister Wives"". I have both Mormon and polyamorist friends on FB. Resisting the temptation to post about the show over there.",temptation,http://en.wikipedia.org/wiki/The_Last_Temptation_of_Christ
385951167676416_temptation,"Watching ""Sister Wives"". I have both Mormon and polyamorist friends on FB. Resisting the temptation to post about the show over there.",temptation,http://en.wikipedia.org/wiki/Eve
385951167676416_temptation,"Watching ""Sister Wives"". I have both Mormon and polyamorist friends on FB. Resisting the temptation to post about the show over there.",temptation,http://en.wikipedia.org/wiki/Temptation
385951167676416_temptation,"Watching ""Sister Wives"". I have both Mormon and polyamorist friends on FB. Resisting the temptation to post about the show over there.",temptation,http://en.wikipedia.org/wiki/The_temptation_of_St._Anthony_in_visual_arts
385951167676416_temptation,"Watching ""Sister Wives"". I have both Mormon and polyamorist friends on FB. Resisting the temptation to post about the show over there.",temptation,http://en.wikipedia.org/wiki/Mobile_Suit_Zeta_Gundam
385951167676416_friends,"Watching ""Sister Wives"". I have both Mormon and polyamorist friends on FB. Resisting the temptation to post about the show over there.",friends,http://en.wikipedia.org/wiki/Friends
385951167676416_friends,"Watching ""Sister Wives"". I have both Mormon and polyamorist friends on FB. Resisting the temptation to post about the show over there.",friends,http://en.wikipedia.org/wiki/Friendship
385951167676416_friends,"Watching ""Sister Wives"". I have both Mormon and polyamorist friends on FB. Resisting the temptation to post about the show over there.",friends,http://en.wikipedia.org/wiki/Religious_Society_of_Friends
27831201288_health,"RT @AncientProverbs via @joemd: He that takes medicine and neglects diet, wastes the skill of the physician. -Chinese Proverb #health",health,http://en.wikipedia.org/wiki/Health_insurance
27831201288_health,"RT @AncientProverbs via @joemd: He that takes medicine and neglects diet, wastes the skill of the physician. -Chinese Proverb #health",health,http://en.wikipedia.org/wiki/Health_care
27831201288_health,"RT @AncientProverbs via @joemd: He that takes medicine and neglects diet, wastes the skill of the physician. -Chinese Proverb #health",health,http://en.wikipedia.org/wiki/Health_economics
27831201288_health,"RT @AncientProverbs via @joemd: He that takes medicine and neglects diet, wastes the skill of the physician. -Chinese Proverb #health",health,http://en.wikipedia.org/wiki/Health_psychology
27831201288_health,"RT @AncientProverbs via @joemd: He that takes medicine and neglects diet, wastes the skill of the physician. -Chinese Proverb #health",health,http://en.wikipedia.org/wiki/Health_education
27831201288_health,"RT @AncientProverbs via @joemd: He that takes medicine and neglects diet, wastes the skill of the physician. -Chinese Proverb #health",health,http://en.wikipedia.org/wiki/Health_(gaming)
27831201288_health,"RT @AncientProverbs via @joemd: He that takes medicine and neglects diet, wastes the skill of the physician. -Chinese Proverb #health",health,http://en.wikipedia.org/wiki/Health
27831201288_health,"RT @AncientProverbs via @joemd: He that takes medicine and neglects diet, wastes the skill of the physician. -Chinese Proverb #health",health,http://en.wikipedia.org/wiki/Health_(band)
27831201288_health,"RT @AncientProverbs via @joemd: He that takes medicine and neglects diet, wastes the skill of the physician. -Chinese Proverb #health",health,http://en.wikipedia.org/wiki/Reproductive_health
27831201288_medicine,"RT @AncientProverbs via @joemd: He that takes medicine and neglects diet, wastes the skill of the physician. -Chinese Proverb #health",medicine,http://en.wikipedia.org/wiki/Medicine
27831201288_medicine,"RT @AncientProverbs via @joemd: He that takes medicine and neglects diet, wastes the skill of the physician. -Chinese Proverb #health",medicine,http://en.wikipedia.org/wiki/History_of_medicine
27831201288_medicine,"RT @AncientProverbs via @joemd: He that takes medicine and neglects diet, wastes the skill of the physician. -Chinese Proverb #health",medicine,http://en.wikipedia.org/wiki/Shamanism
27831201288_skill,"RT @AncientProverbs via @joemd: He that takes medicine and neglects diet, wastes the skill of the physician. -Chinese Proverb #health",skill,http://en.wikipedia.org/wiki/Skill
27831201288_skill,"RT @AncientProverbs via @joemd: He that takes medicine and neglects diet, wastes the skill of the physician. -Chinese Proverb #health",skill,http://en.wikipedia.org/wiki/Statistic_(role-playing_games)
18544710674_laptop,So annoyed by my #Toshiba laptop's delicate power cord. It's like it's DESIGNED to break. #fyi #petpeeve,laptop,http://en.wikipedia.org/wiki/One_Laptop_per_Child
18544710674_laptop,So annoyed by my #Toshiba laptop's delicate power cord. It's like it's DESIGNED to break. #fyi #petpeeve,laptop,http://en.wikipedia.org/wiki/Laptop
19690793991_soup,@PoppleKyle They say that soon we'll be able to get soup and coffee in self-heating cans.,soup,http://en.wikipedia.org/wiki/Soup
19690793991_soup,@PoppleKyle They say that soon we'll be able to get soup and coffee in self-heating cans.,soup,http://en.wikipedia.org/wiki/The_Soup
19690793991_soup,@PoppleKyle They say that soon we'll be able to get soup and coffee in self-heating cans.,soup,http://en.wikipedia.org/wiki/Soupy_Sales
19690793991_coffee,@PoppleKyle They say that soon we'll be able to get soup and coffee in self-heating cans.,coffee,"http://en.wikipedia.org/wiki/Coffee_County,_Georgia"
19690793991_coffee,@PoppleKyle They say that soon we'll be able to get soup and coffee in self-heating cans.,coffee,"http://en.wikipedia.org/wiki/Coffee_County,_Alabama"
19690793991_coffee,@PoppleKyle They say that soon we'll be able to get soup and coffee in self-heating cans.,coffee,"http://en.wikipedia.org/wiki/Coffee_County,_Tennessee"
19690793991_coffee,@PoppleKyle They say that soon we'll be able to get soup and coffee in self-heating cans.,coffee,http://en.wikipedia.org/wiki/Coffea
19690793991_coffee,@PoppleKyle They say that soon we'll be able to get soup and coffee in self-heating cans.,coffee,http://en.wikipedia.org/wiki/Coffee
19690793991_heating,@PoppleKyle They say that soon we'll be able to get soup and coffee in self-heating cans.,heating,http://en.wikipedia.org/wiki/Joule_heating
19690793991_heating,@PoppleKyle They say that soon we'll be able to get soup and coffee in self-heating cans.,heating,http://en.wikipedia.org/wiki/HVAC
19690793991_heating,@PoppleKyle They say that soon we'll be able to get soup and coffee in self-heating cans.,heating,http://en.wikipedia.org/wiki/Heating_system
19690793991_heating,@PoppleKyle They say that soon we'll be able to get soup and coffee in self-heating cans.,heating,http://en.wikipedia.org/wiki/Heater
19690793991_heating,@PoppleKyle They say that soon we'll be able to get soup and coffee in self-heating cans.,heating,http://en.wikipedia.org/wiki/Central_heating
22367630910_temperaments,"Thinking of getting our first #dog. Will be a shelter dog or rescue. What are the best sites for researching breeds, temperaments? #dogs",temperaments,http://en.wikipedia.org/wiki/Four_Temperaments
22367630910_temperaments,"Thinking of getting our first #dog. Will be a shelter dog or rescue. What are the best sites for researching breeds, temperaments? #dogs",temperaments,http://en.wikipedia.org/wiki/Musical_temperament
22367630910_temperaments,"Thinking of getting our first #dog. Will be a shelter dog or rescue. What are the best sites for researching breeds, temperaments? #dogs",temperaments,http://en.wikipedia.org/wiki/Regular_temperament
22367630910_dog,"Thinking of getting our first #dog. Will be a shelter dog or rescue. What are the best sites for researching breeds, temperaments? #dogs",dog,http://en.wikipedia.org/wiki/Dog
22367630910_dog,"Thinking of getting our first #dog. Will be a shelter dog or rescue. What are the best sites for researching breeds, temperaments? #dogs",dog,http://en.wikipedia.org/wiki/Duck_Hunt
22367630910_dog,"Thinking of getting our first #dog. Will be a shelter dog or rescue. What are the best sites for researching breeds, temperaments? #dogs",dog,http://en.wikipedia.org/wiki/Raccoon_Dog
22367630910_dog,"Thinking of getting our first #dog. Will be a shelter dog or rescue. What are the best sites for researching breeds, temperaments? #dogs",dog,http://en.wikipedia.org/wiki/Isle_of_Dogs
22367630910_dog,"Thinking of getting our first #dog. Will be a shelter dog or rescue. What are the best sites for researching breeds, temperaments? #dogs",dog,http://en.wikipedia.org/wiki/Snoop_Dogg
22367630910_dog,"Thinking of getting our first #dog. Will be a shelter dog or rescue. What are the best sites for researching breeds, temperaments? #dogs",dog,http://en.wikipedia.org/wiki/Nate_Dogg
22367630910_dog,"Thinking of getting our first #dog. Will be a shelter dog or rescue. What are the best sites for researching breeds, temperaments? #dogs",dog,http://en.wikipedia.org/wiki/Canidae
22367630910_shelter,"Thinking of getting our first #dog. Will be a shelter dog or rescue. What are the best sites for researching breeds, temperaments? #dogs",shelter,http://en.wikipedia.org/wiki/Shelter_(band)
22367630910_shelter,"Thinking of getting our first #dog. Will be a shelter dog or rescue. What are the best sites for researching breeds, temperaments? #dogs",shelter,http://en.wikipedia.org/wiki/Shelter_Records
22367630910_shelter,"Thinking of getting our first #dog. Will be a shelter dog or rescue. What are the best sites for researching breeds, temperaments? #dogs",shelter,http://en.wikipedia.org/wiki/Shelter_(charity)
22367630910_dogs,"Thinking of getting our first #dog. Will be a shelter dog or rescue. What are the best sites for researching breeds, temperaments? #dogs",dogs,http://en.wikipedia.org/wiki/Canidae
22367630910_dogs,"Thinking of getting our first #dog. Will be a shelter dog or rescue. What are the best sites for researching breeds, temperaments? #dogs",dogs,http://en.wikipedia.org/wiki/Police_dog
22367630910_dogs,"Thinking of getting our first #dog. Will be a shelter dog or rescue. What are the best sites for researching breeds, temperaments? #dogs",dogs,http://en.wikipedia.org/wiki/Dog
22367630910_dogs,"Thinking of getting our first #dog. Will be a shelter dog or rescue. What are the best sites for researching breeds, temperaments? #dogs",dogs,http://en.wikipedia.org/wiki/Sled_dog
22367630910_dogs,"Thinking of getting our first #dog. Will be a shelter dog or rescue. What are the best sites for researching breeds, temperaments? #dogs",dogs,http://en.wikipedia.org/wiki/Dogs_in_warfare
22367630910_dogs,"Thinking of getting our first #dog. Will be a shelter dog or rescue. What are the best sites for researching breeds, temperaments? #dogs",dogs,http://en.wikipedia.org/wiki/Dog_(engineering)
22367630910_breeds,"Thinking of getting our first #dog. Will be a shelter dog or rescue. What are the best sites for researching breeds, temperaments? #dogs",breeds,http://en.wikipedia.org/wiki/List_of_dog_breeds
22367630910_breeds,"Thinking of getting our first #dog. Will be a shelter dog or rescue. What are the best sites for researching breeds, temperaments? #dogs",breeds,http://en.wikipedia.org/wiki/List_of_sheep_breeds
22367630910_breeds,"Thinking of getting our first #dog. Will be a shelter dog or rescue. What are the best sites for researching breeds, temperaments? #dogs",breeds,http://en.wikipedia.org/wiki/List_of_horse_breeds
22367630910_breeds,"Thinking of getting our first #dog. Will be a shelter dog or rescue. What are the best sites for researching breeds, temperaments? #dogs",breeds,http://en.wikipedia.org/wiki/Cat_breed
22367630910_breeds,"Thinking of getting our first #dog. Will be a shelter dog or rescue. What are the best sites for researching breeds, temperaments? #dogs",breeds,http://en.wikipedia.org/wiki/Dog_breed
22367630910_breeds,"Thinking of getting our first #dog. Will be a shelter dog or rescue. What are the best sites for researching breeds, temperaments? #dogs",breeds,http://en.wikipedia.org/wiki/Reproduction
22367630910_breeds,"Thinking of getting our first #dog. Will be a shelter dog or rescue. What are the best sites for researching breeds, temperaments? #dogs",breeds,http://en.wikipedia.org/wiki/Breed
22367630910_breeds,"Thinking of getting our first #dog. Will be a shelter dog or rescue. What are the best sites for researching breeds, temperaments? #dogs",breeds,http://en.wikipedia.org/wiki/Breeding_in_the_wild
22367630910_breeds,"Thinking of getting our first #dog. Will be a shelter dog or rescue. What are the best sites for researching breeds, temperaments? #dogs",breeds,http://en.wikipedia.org/wiki/List_of_chicken_breeds
20926896192_mile,"@Milehimama I think you should phase out ""mile hi mama"" but keep ""Mama Says."" It's a great blog name.",mile,http://en.wikipedia.org/wiki/Dragstrip
20926896192_mile,"@Milehimama I think you should phase out ""mile hi mama"" but keep ""Mama Says."" It's a great blog name.",mile,http://en.wikipedia.org/wiki/Mile
18609889857_toy,"Oh boy. 5yo found his Leapfrog Alphabet Pal caterpillar, my most hated toy of all time. Thought I threw it out. I'm in purgatory. #parenting",toy,http://en.wikipedia.org/wiki/Toy
18609889857_toy,"Oh boy. 5yo found his Leapfrog Alphabet Pal caterpillar, my most hated toy of all time. Thought I threw it out. I'm in purgatory. #parenting",toy,http://en.wikipedia.org/wiki/Toy_dog
18609889857_toy,"Oh boy. 5yo found his Leapfrog Alphabet Pal caterpillar, my most hated toy of all time. Thought I threw it out. I'm in purgatory. #parenting",toy,http://en.wikipedia.org/wiki/Sex_toy
18609889857_caterpillar,"Oh boy. 5yo found his Leapfrog Alphabet Pal caterpillar, my most hated toy of all time. Thought I threw it out. I'm in purgatory. #parenting",caterpillar,http://en.wikipedia.org/wiki/Caterpillar_Inc.
18609889857_caterpillar,"Oh boy. 5yo found his Leapfrog Alphabet Pal caterpillar, my most hated toy of all time. Thought I threw it out. I'm in purgatory. #parenting",caterpillar,http://en.wikipedia.org/wiki/Caterpillar
18609889857_caterpillar,"Oh boy. 5yo found his Leapfrog Alphabet Pal caterpillar, my most hated toy of all time. Thought I threw it out. I'm in purgatory. #parenting",caterpillar,http://en.wikipedia.org/wiki/Caterpillar_(Alice's_Adventures_in_Wonderland)
18609889857_time,"Oh boy. 5yo found his Leapfrog Alphabet Pal caterpillar, my most hated toy of all time. Thought I threw it out. I'm in purgatory. #parenting",time,http://en.wikipedia.org/wiki/Father_Time
18609889857_time,"Oh boy. 5yo found his Leapfrog Alphabet Pal caterpillar, my most hated toy of all time. Thought I threw it out. I'm in purgatory. #parenting",time,http://en.wikipedia.org/wiki/Time_Inc.
18609889857_time,"Oh boy. 5yo found his Leapfrog Alphabet Pal caterpillar, my most hated toy of all time. Thought I threw it out. I'm in purgatory. #parenting",time,http://en.wikipedia.org/wiki/The_Time_(band)
18609889857_time,"Oh boy. 5yo found his Leapfrog Alphabet Pal caterpillar, my most hated toy of all time. Thought I threw it out. I'm in purgatory. #parenting",time,"http://en.wikipedia.org/wiki/Time,_Norway"
18609889857_time,"Oh boy. 5yo found his Leapfrog Alphabet Pal caterpillar, my most hated toy of all time. Thought I threw it out. I'm in purgatory. #parenting",time,http://en.wikipedia.org/wiki/Time_signature
18609889857_time,"Oh boy. 5yo found his Leapfrog Alphabet Pal caterpillar, my most hated toy of all time. Thought I threw it out. I'm in purgatory. #parenting",time,http://en.wikipedia.org/wiki/Time
18609889857_time,"Oh boy. 5yo found his Leapfrog Alphabet Pal caterpillar, my most hated toy of all time. Thought I threw it out. I'm in purgatory. #parenting",time,http://en.wikipedia.org/wiki/Time_(magazine)
18609889857_time,"Oh boy. 5yo found his Leapfrog Alphabet Pal caterpillar, my most hated toy of all time. Thought I threw it out. I'm in purgatory. #parenting",time,http://en.wikipedia.org/wiki/The_Time_(Dirty_Bit)
17322987380285440_price,"@PoppleKyle I could do your editing for you, for a good price too! Depending on the length of the book, maybe even just free CDs :)",price,http://en.wikipedia.org/wiki/Price
17322987380285440_price,"@PoppleKyle I could do your editing for you, for a good price too! Depending on the length of the book, maybe even just free CDs :)",price,"http://en.wikipedia.org/wiki/Price_County,_Wisconsin"
17322987380285440_price,"@PoppleKyle I could do your editing for you, for a good price too! Depending on the length of the book, maybe even just free CDs :)",price,"http://en.wikipedia.org/wiki/Price,_Utah"
17322987380285440_length,"@PoppleKyle I could do your editing for you, for a good price too! Depending on the length of the book, maybe even just free CDs :)",length,http://en.wikipedia.org/wiki/Length_overall
17322987380285440_length,"@PoppleKyle I could do your editing for you, for a good price too! Depending on the length of the book, maybe even just free CDs :)",length,http://en.wikipedia.org/wiki/Length
17322987380285440_book,"@PoppleKyle I could do your editing for you, for a good price too! Depending on the length of the book, maybe even just free CDs :)",book,http://en.wikipedia.org/wiki/Nineteen_Eighty-Four
17322987380285440_book,"@PoppleKyle I could do your editing for you, for a good price too! Depending on the length of the book, maybe even just free CDs :)",book,http://en.wikipedia.org/wiki/Book
17322987380285440_book,"@PoppleKyle I could do your editing for you, for a good price too! Depending on the length of the book, maybe even just free CDs :)",book,http://en.wikipedia.org/wiki/2003_in_literature
17322987380285440_book,"@PoppleKyle I could do your editing for you, for a good price too! Depending on the length of the book, maybe even just free CDs :)",book,http://en.wikipedia.org/wiki/The_Books
17322987380285440_book,"@PoppleKyle I could do your editing for you, for a good price too! Depending on the length of the book, maybe even just free CDs :)",book,http://en.wikipedia.org/wiki/Musical_theatre
17322987380285440_book,"@PoppleKyle I could do your editing for you, for a good price too! Depending on the length of the book, maybe even just free CDs :)",book,http://en.wikipedia.org/wiki/Whoopi_Goldberg
17322987380285440_editing,"@PoppleKyle I could do your editing for you, for a good price too! Depending on the length of the book, maybe even just free CDs :)",editing,http://en.wikipedia.org/wiki/Music_sequencer
17322987380285440_editing,"@PoppleKyle I could do your editing for you, for a good price too! Depending on the length of the book, maybe even just free CDs :)",editing,http://en.wikipedia.org/wiki/Image_editing
17322987380285440_editing,"@PoppleKyle I could do your editing for you, for a good price too! Depending on the length of the book, maybe even just free CDs :)",editing,http://en.wikipedia.org/wiki/Editing
17322987380285440_editing,"@PoppleKyle I could do your editing for you, for a good price too! Depending on the length of the book, maybe even just free CDs :)",editing,http://en.wikipedia.org/wiki/Digital_audio_editor
17322987380285440_editing,"@PoppleKyle I could do your editing for you, for a good price too! Depending on the length of the book, maybe even just free CDs :)",editing,http://en.wikipedia.org/wiki/Film_editing
17322987380285440_editing,"@PoppleKyle I could do your editing for you, for a good price too! Depending on the length of the book, maybe even just free CDs :)",editing,http://en.wikipedia.org/wiki/Audio_engineering
22559453258_floor,"ME, eyeing a cluttered floor: Pick up the trash in here. 2YO: Okay. *picks up trash can* #parenting #my2yosays",floor,http://en.wikipedia.org/wiki/Floor_Jansen
22559453258_floor,"ME, eyeing a cluttered floor: Pick up the trash in here. 2YO: Okay. *picks up trash can* #parenting #my2yosays",floor,http://en.wikipedia.org/wiki/Floor
22559453258_floor,"ME, eyeing a cluttered floor: Pick up the trash in here. 2YO: Okay. *picks up trash can* #parenting #my2yosays",floor,http://en.wikipedia.org/wiki/Floor_(gymnastics)
22559453258_floor,"ME, eyeing a cluttered floor: Pick up the trash in here. 2YO: Okay. *picks up trash can* #parenting #my2yosays",floor,http://en.wikipedia.org/wiki/Flooring
22559453258_floor,"ME, eyeing a cluttered floor: Pick up the trash in here. 2YO: Okay. *picks up trash can* #parenting #my2yosays",floor,http://en.wikipedia.org/wiki/Storey
22559453258_trash,"ME, eyeing a cluttered floor: Pick up the trash in here. 2YO: Okay. *picks up trash can* #parenting #my2yosays",trash,http://en.wikipedia.org/wiki/Waste
22559453258_trash,"ME, eyeing a cluttered floor: Pick up the trash in here. 2YO: Okay. *picks up trash can* #parenting #my2yosays",trash,http://en.wikipedia.org/wiki/Trash
22559453258_trash,"ME, eyeing a cluttered floor: Pick up the trash in here. 2YO: Okay. *picks up trash can* #parenting #my2yosays",trash,http://en.wikipedia.org/wiki/Sanitation
22559453258_trash,"ME, eyeing a cluttered floor: Pick up the trash in here. 2YO: Okay. *picks up trash can* #parenting #my2yosays",trash,http://en.wikipedia.org/wiki/White_trash
22559453258_trash,"ME, eyeing a cluttered floor: Pick up the trash in here. 2YO: Okay. *picks up trash can* #parenting #my2yosays",trash,http://en.wikipedia.org/wiki/Biodegradable_waste
22559453258_trash,"ME, eyeing a cluttered floor: Pick up the trash in here. 2YO: Okay. *picks up trash can* #parenting #my2yosays",trash,http://en.wikipedia.org/wiki/Dumpster_diving
22559453258_trash,"ME, eyeing a cluttered floor: Pick up the trash in here. 2YO: Okay. *picks up trash can* #parenting #my2yosays",trash,http://en.wikipedia.org/wiki/Exploitation_film
26381124175_pre,@conversiondiary Burritoes w/ canned beans; cold-cut sandwiches; salad w/ pre-cooked frozen chicken. Let me know if these ideas helped!,pre,http://en.wikipedia.org/wiki/Noel_Prefontaine
26381124175_pre,@conversiondiary Burritoes w/ canned beans; cold-cut sandwiches; salad w/ pre-cooked frozen chicken. Let me know if these ideas helped!,pre,http://en.wikipedia.org/wiki/Palm_Pre
26381124175_pre,@conversiondiary Burritoes w/ canned beans; cold-cut sandwiches; salad w/ pre-cooked frozen chicken. Let me know if these ideas helped!,pre,http://en.wikipedia.org/wiki/Preston_railway_station
26381124175_pre,@conversiondiary Burritoes w/ canned beans; cold-cut sandwiches; salad w/ pre-cooked frozen chicken. Let me know if these ideas helped!,pre,http://en.wikipedia.org/wiki/Steve_Prefontaine
26381124175_cut,@conversiondiary Burritoes w/ canned beans; cold-cut sandwiches; salad w/ pre-cooked frozen chicken. Let me know if these ideas helped!,cut,http://en.wikipedia.org/wiki/Cut_(earthmoving)
26381124175_cut,@conversiondiary Burritoes w/ canned beans; cold-cut sandwiches; salad w/ pre-cooked frozen chicken. Let me know if these ideas helped!,cut,http://en.wikipedia.org/wiki/Film_editing
26381124175_cut,@conversiondiary Burritoes w/ canned beans; cold-cut sandwiches; salad w/ pre-cooked frozen chicken. Let me know if these ideas helped!,cut,http://en.wikipedia.org/wiki/Cutting
26381124175_ideas,@conversiondiary Burritoes w/ canned beans; cold-cut sandwiches; salad w/ pre-cooked frozen chicken. Let me know if these ideas helped!,ideas,http://en.wikipedia.org/wiki/Idea_Cellular
26381124175_ideas,@conversiondiary Burritoes w/ canned beans; cold-cut sandwiches; salad w/ pre-cooked frozen chicken. Let me know if these ideas helped!,ideas,http://en.wikipedia.org/wiki/Idea
26381124175_ideas,@conversiondiary Burritoes w/ canned beans; cold-cut sandwiches; salad w/ pre-cooked frozen chicken. Let me know if these ideas helped!,ideas,http://en.wikipedia.org/wiki/Aether_(classical_element)
26381124175_beans,@conversiondiary Burritoes w/ canned beans; cold-cut sandwiches; salad w/ pre-cooked frozen chicken. Let me know if these ideas helped!,beans,http://en.wikipedia.org/wiki/Phaseolus_vulgaris
26381124175_beans,@conversiondiary Burritoes w/ canned beans; cold-cut sandwiches; salad w/ pre-cooked frozen chicken. Let me know if these ideas helped!,beans,http://en.wikipedia.org/wiki/With_the_Lights_Out
26381124175_beans,@conversiondiary Burritoes w/ canned beans; cold-cut sandwiches; salad w/ pre-cooked frozen chicken. Let me know if these ideas helped!,beans,http://en.wikipedia.org/wiki/Bean
26381124175_sandwiches,@conversiondiary Burritoes w/ canned beans; cold-cut sandwiches; salad w/ pre-cooked frozen chicken. Let me know if these ideas helped!,sandwiches,http://en.wikipedia.org/wiki/Sandwich
26381124175_sandwiches,@conversiondiary Burritoes w/ canned beans; cold-cut sandwiches; salad w/ pre-cooked frozen chicken. Let me know if these ideas helped!,sandwiches,http://en.wikipedia.org/wiki/Peanut_butter_and_jelly_sandwich
18875908185_reason,"@ChristiansFaith For once I disagree w/ u. We serve God w/ hearts AND minds. Christ is LOGOS, the Word, thought & reason.",reason,http://en.wikipedia.org/wiki/Reason_(software)
18875908185_reason,"@ChristiansFaith For once I disagree w/ u. We serve God w/ hearts AND minds. Christ is LOGOS, the Word, thought & reason.",reason,http://en.wikipedia.org/wiki/Reason
18875908185_reason,"@ChristiansFaith For once I disagree w/ u. We serve God w/ hearts AND minds. Christ is LOGOS, the Word, thought & reason.",reason,http://en.wikipedia.org/wiki/The_Reason_(Hoobastank_song)
18875908185_reason,"@ChristiansFaith For once I disagree w/ u. We serve God w/ hearts AND minds. Christ is LOGOS, the Word, thought & reason.",reason,http://en.wikipedia.org/wiki/Reason_(magazine)
22227688043_cats,"HOME NEEDED: cute orange tabby kitten, found by a drainage canal & he needs a home. Looks to be around 4 months(?) and very friendly. #cats",cats,http://en.wikipedia.org/wiki/Felidae
22227688043_cats,"HOME NEEDED: cute orange tabby kitten, found by a drainage canal & he needs a home. Looks to be around 4 months(?) and very friendly. #cats",cats,http://en.wikipedia.org/wiki/Domestic_cat
22227688043_cats,"HOME NEEDED: cute orange tabby kitten, found by a drainage canal & he needs a home. Looks to be around 4 months(?) and very friendly. #cats",cats,http://en.wikipedia.org/wiki/Cats_(musical)
22227688043_cats,"HOME NEEDED: cute orange tabby kitten, found by a drainage canal & he needs a home. Looks to be around 4 months(?) and very friendly. #cats",cats,http://en.wikipedia.org/wiki/Jacob_Cats
22227688043_cats,"HOME NEEDED: cute orange tabby kitten, found by a drainage canal & he needs a home. Looks to be around 4 months(?) and very friendly. #cats",cats,http://en.wikipedia.org/wiki/Cat
22227688043_cats,"HOME NEEDED: cute orange tabby kitten, found by a drainage canal & he needs a home. Looks to be around 4 months(?) and very friendly. #cats",cats,http://en.wikipedia.org/wiki/Feral_cat
22227688043_kitten,"HOME NEEDED: cute orange tabby kitten, found by a drainage canal & he needs a home. Looks to be around 4 months(?) and very friendly. #cats",kitten,http://en.wikipedia.org/wiki/Cat
22227688043_kitten,"HOME NEEDED: cute orange tabby kitten, found by a drainage canal & he needs a home. Looks to be around 4 months(?) and very friendly. #cats",kitten,http://en.wikipedia.org/wiki/Kitten
19774778494_shrine,"@fatherz If #Oprah went to any #Catholic shrine, it would be #Medjugorje. Of course it would. She's awfully fascinated w/ Catholicism lately",shrine,http://en.wikipedia.org/wiki/Shinto_shrine
19774778494_shrine,"@fatherz If #Oprah went to any #Catholic shrine, it would be #Medjugorje. Of course it would. She's awfully fascinated w/ Catholicism lately",shrine,http://en.wikipedia.org/wiki/Shrine
6947001950277632_school,@Milehimama Arthropods don't all have abdomens. They all have segments and jointed legs. Apparently science at the school is lacking too,school,http://en.wikipedia.org/wiki/School
6947001950277632_school,@Milehimama Arthropods don't all have abdomens. They all have segments and jointed legs. Apparently science at the school is lacking too,school,http://en.wikipedia.org/wiki/Battle_Royale
6947001950277632_school,@Milehimama Arthropods don't all have abdomens. They all have segments and jointed legs. Apparently science at the school is lacking too,school,http://en.wikipedia.org/wiki/Shoaling_and_schooling
6947001950277632_school,@Milehimama Arthropods don't all have abdomens. They all have segments and jointed legs. Apparently science at the school is lacking too,school,http://en.wikipedia.org/wiki/Bleach_(album)
6947001950277632_abdomens,@Milehimama Arthropods don't all have abdomens. They all have segments and jointed legs. Apparently science at the school is lacking too,abdomens,http://en.wikipedia.org/wiki/Abdomen
6947001950277632_abdomens,@Milehimama Arthropods don't all have abdomens. They all have segments and jointed legs. Apparently science at the school is lacking too,abdomens,http://en.wikipedia.org/wiki/Opisthosoma
6947001950277632_science,@Milehimama Arthropods don't all have abdomens. They all have segments and jointed legs. Apparently science at the school is lacking too,science,http://en.wikipedia.org/wiki/Science_(magazine)
6947001950277632_science,@Milehimama Arthropods don't all have abdomens. They all have segments and jointed legs. Apparently science at the school is lacking too,science,http://en.wikipedia.org/wiki/Science
6947001950277632_science,@Milehimama Arthropods don't all have abdomens. They all have segments and jointed legs. Apparently science at the school is lacking too,science,http://en.wikipedia.org/wiki/Science_(journal)
29519005326_clock,"RT @conversiondiary: RT @Jenidvm Oh, look! It's WILLYOUPLEASELEAVEYOURBROTHERALONE o'clock!! Argh.",clock,http://en.wikipedia.org/wiki/Clock
29519005326_clock,"RT @conversiondiary: RT @Jenidvm Oh, look! It's WILLYOUPLEASELEAVEYOURBROTHERALONE o'clock!! Argh.",clock,http://en.wikipedia.org/wiki/Game_clock
29519005326_clock,"RT @conversiondiary: RT @Jenidvm Oh, look! It's WILLYOUPLEASELEAVEYOURBROTHERALONE o'clock!! Argh.",clock,http://en.wikipedia.org/wiki/Beat_the_Clock
29519005326_clock,"RT @conversiondiary: RT @Jenidvm Oh, look! It's WILLYOUPLEASELEAVEYOURBROTHERALONE o'clock!! Argh.",clock,http://en.wikipedia.org/wiki/Clocks_(song)
29519005326_clock,"RT @conversiondiary: RT @Jenidvm Oh, look! It's WILLYOUPLEASELEAVEYOURBROTHERALONE o'clock!! Argh.",clock,http://en.wikipedia.org/wiki/Clock_signal
29519188114_deal,RT @Milehimama: So what's the deal with that whole Purgatory thing? http://bit.ly/dayrh0 #christian #bible #christianity #jesus,deal,http://en.wikipedia.org/wiki/Nathan_Deal
29519188114_deal,RT @Milehimama: So what's the deal with that whole Purgatory thing? http://bit.ly/dayrh0 #christian #bible #christianity #jesus,deal,http://en.wikipedia.org/wiki/Kim_Deal
29519188114_deal,RT @Milehimama: So what's the deal with that whole Purgatory thing? http://bit.ly/dayrh0 #christian #bible #christianity #jesus,deal,"http://en.wikipedia.org/wiki/Deal,_Kent"
29519188114_deal,RT @Milehimama: So what's the deal with that whole Purgatory thing? http://bit.ly/dayrh0 #christian #bible #christianity #jesus,deal,"http://en.wikipedia.org/wiki/Deal,_New_Jersey"
29519188114_jesus,RT @Milehimama: So what's the deal with that whole Purgatory thing? http://bit.ly/dayrh0 #christian #bible #christianity #jesus,jesus,http://en.wikipedia.org/wiki/Jesus_Walks
29519188114_jesus,RT @Milehimama: So what's the deal with that whole Purgatory thing? http://bit.ly/dayrh0 #christian #bible #christianity #jesus,jesus,http://en.wikipedia.org/wiki/Jesus_of_Nazareth_(miniseries)
29519188114_jesus,RT @Milehimama: So what's the deal with that whole Purgatory thing? http://bit.ly/dayrh0 #christian #bible #christianity #jesus,jesus,http://en.wikipedia.org/wiki/Jesus_Christ_Superstar
29519188114_jesus,RT @Milehimama: So what's the deal with that whole Purgatory thing? http://bit.ly/dayrh0 #christian #bible #christianity #jesus,jesus,http://en.wikipedia.org/wiki/Jesus_in_Islam
29519188114_jesus,RT @Milehimama: So what's the deal with that whole Purgatory thing? http://bit.ly/dayrh0 #christian #bible #christianity #jesus,jesus,http://en.wikipedia.org/wiki/Jesus_Jones
29519188114_jesus,RT @Milehimama: So what's the deal with that whole Purgatory thing? http://bit.ly/dayrh0 #christian #bible #christianity #jesus,jesus,http://en.wikipedia.org/wiki/Jesus
29519188114_jesus,RT @Milehimama: So what's the deal with that whole Purgatory thing? http://bit.ly/dayrh0 #christian #bible #christianity #jesus,jesus,http://en.wikipedia.org/wiki/Queen_(album)
18440338115_language,@PoppleKyle Prepositions at the ends of sentences are bad only if Latin is the language you're speaking in!,language,http://en.wikipedia.org/wiki/Language
18440338115_language,@PoppleKyle Prepositions at the ends of sentences are bad only if Latin is the language you're speaking in!,language,http://en.wikipedia.org/wiki/Formal_language
18440338115_language,@PoppleKyle Prepositions at the ends of sentences are bad only if Latin is the language you're speaking in!,language,http://en.wikipedia.org/wiki/Programming_language
18440338115_language,@PoppleKyle Prepositions at the ends of sentences are bad only if Latin is the language you're speaking in!,language,http://en.wikipedia.org/wiki/Leet
18440338115_sentences,@PoppleKyle Prepositions at the ends of sentences are bad only if Latin is the language you're speaking in!,sentences,http://en.wikipedia.org/wiki/Sentences
18440338115_sentences,@PoppleKyle Prepositions at the ends of sentences are bad only if Latin is the language you're speaking in!,sentences,http://en.wikipedia.org/wiki/Sentence_(linguistics)
18851802260_kids,@thedevoutlife I believe A) Kids belong at Mass; B) It's the nature of kids to be disruptive; so C) Some disruption at Mass is acceptable.,kids,http://en.wikipedia.org/wiki/Kids_(film)
18851802260_kids,@thedevoutlife I believe A) Kids belong at Mass; B) It's the nature of kids to be disruptive; so C) Some disruption at Mass is acceptable.,kids,http://en.wikipedia.org/wiki/American_Eagle_Outfitters
18851802260_kids,@thedevoutlife I believe A) Kids belong at Mass; B) It's the nature of kids to be disruptive; so C) Some disruption at Mass is acceptable.,kids,http://en.wikipedia.org/wiki/4Kids_Entertainment
18851802260_kids,@thedevoutlife I believe A) Kids belong at Mass; B) It's the nature of kids to be disruptive; so C) Some disruption at Mass is acceptable.,kids,http://en.wikipedia.org/wiki/Kids_(Robbie_Williams_and_Kylie_Minogue_song)
18851802260_nature,@thedevoutlife I believe A) Kids belong at Mass; B) It's the nature of kids to be disruptive; so C) Some disruption at Mass is acceptable.,nature,http://en.wikipedia.org/wiki/Gewürztraminer
18851802260_nature,@thedevoutlife I believe A) Kids belong at Mass; B) It's the nature of kids to be disruptive; so C) Some disruption at Mass is acceptable.,nature,http://en.wikipedia.org/wiki/Nature_(TV_series)
18851802260_nature,@thedevoutlife I believe A) Kids belong at Mass; B) It's the nature of kids to be disruptive; so C) Some disruption at Mass is acceptable.,nature,http://en.wikipedia.org/wiki/La_Nature
18851802260_nature,@thedevoutlife I believe A) Kids belong at Mass; B) It's the nature of kids to be disruptive; so C) Some disruption at Mass is acceptable.,nature,http://en.wikipedia.org/wiki/Mother_Nature
18851802260_nature,@thedevoutlife I believe A) Kids belong at Mass; B) It's the nature of kids to be disruptive; so C) Some disruption at Mass is acceptable.,nature,http://en.wikipedia.org/wiki/Nature_(journal)
18851802260_nature,@thedevoutlife I believe A) Kids belong at Mass; B) It's the nature of kids to be disruptive; so C) Some disruption at Mass is acceptable.,nature,http://en.wikipedia.org/wiki/Nature
24020818587_search,"I do NOT like the new #Google ""fast search"" feature.  Dynamic results as I'm typing is not as helpful as they think it is.",search,http://en.wikipedia.org/wiki/Search_and_seizure
24020818587_search,"I do NOT like the new #Google ""fast search"" feature.  Dynamic results as I'm typing is not as helpful as they think it is.",search,http://en.wikipedia.org/wiki/C._P._Snow
24020818587_feature,"I do NOT like the new #Google ""fast search"" feature.  Dynamic results as I'm typing is not as helpful as they think it is.",feature,http://en.wikipedia.org/wiki/Feature_story
24020818587_feature,"I do NOT like the new #Google ""fast search"" feature.  Dynamic results as I'm typing is not as helpful as they think it is.",feature,http://en.wikipedia.org/wiki/Feature_(archaeology)
24020818587_feature,"I do NOT like the new #Google ""fast search"" feature.  Dynamic results as I'm typing is not as helpful as they think it is.",feature,http://en.wikipedia.org/wiki/Feature_film
24020818587_feature,"I do NOT like the new #Google ""fast search"" feature.  Dynamic results as I'm typing is not as helpful as they think it is.",feature,http://en.wikipedia.org/wiki/The_Features
24020818587_typing,"I do NOT like the new #Google ""fast search"" feature.  Dynamic results as I'm typing is not as helpful as they think it is.",typing,http://en.wikipedia.org/wiki/Typewriter
24020818587_typing,"I do NOT like the new #Google ""fast search"" feature.  Dynamic results as I'm typing is not as helpful as they think it is.",typing,http://en.wikipedia.org/wiki/Typing
24020818587_typing,"I do NOT like the new #Google ""fast search"" feature.  Dynamic results as I'm typing is not as helpful as they think it is.",typing,http://en.wikipedia.org/wiki/Type_system
3192809314058240_person,".@Milehimama Wait, the TSA DOESN'T DO BACKGROUND CHECKS!? Not just kids, but EVERYONE'S person & property deserves vetted TSA employees!",person,http://en.wikipedia.org/wiki/Grammatical_person
3192809314058240_person,".@Milehimama Wait, the TSA DOESN'T DO BACKGROUND CHECKS!? Not just kids, but EVERYONE'S person & property deserves vetted TSA employees!",person,"http://en.wikipedia.org/wiki/Person_County,_North_Carolina"
3192809314058240_person,".@Milehimama Wait, the TSA DOESN'T DO BACKGROUND CHECKS!? Not just kids, but EVERYONE'S person & property deserves vetted TSA employees!",person,http://en.wikipedia.org/wiki/Person
3192809314058240_person,".@Milehimama Wait, the TSA DOESN'T DO BACKGROUND CHECKS!? Not just kids, but EVERYONE'S person & property deserves vetted TSA employees!",person,http://en.wikipedia.org/wiki/Human
3192809314058240_property,".@Milehimama Wait, the TSA DOESN'T DO BACKGROUND CHECKS!? Not just kids, but EVERYONE'S person & property deserves vetted TSA employees!",property,http://en.wikipedia.org/wiki/Property
3192809314058240_property,".@Milehimama Wait, the TSA DOESN'T DO BACKGROUND CHECKS!? Not just kids, but EVERYONE'S person & property deserves vetted TSA employees!",property,http://en.wikipedia.org/wiki/Real_estate
3192809314058240_property,".@Milehimama Wait, the TSA DOESN'T DO BACKGROUND CHECKS!? Not just kids, but EVERYONE'S person & property deserves vetted TSA employees!",property,http://en.wikipedia.org/wiki/Real_property
3192809314058240_property,".@Milehimama Wait, the TSA DOESN'T DO BACKGROUND CHECKS!? Not just kids, but EVERYONE'S person & property deserves vetted TSA employees!",property,http://en.wikipedia.org/wiki/Property_tax
3192809314058240_property,".@Milehimama Wait, the TSA DOESN'T DO BACKGROUND CHECKS!? Not just kids, but EVERYONE'S person & property deserves vetted TSA employees!",property,http://en.wikipedia.org/wiki/Property_insurance
3192809314058240_property,".@Milehimama Wait, the TSA DOESN'T DO BACKGROUND CHECKS!? Not just kids, but EVERYONE'S person & property deserves vetted TSA employees!",property,http://en.wikipedia.org/wiki/Property_(philosophy)
3192809314058240_property,".@Milehimama Wait, the TSA DOESN'T DO BACKGROUND CHECKS!? Not just kids, but EVERYONE'S person & property deserves vetted TSA employees!",property,http://en.wikipedia.org/wiki/Property_law
186810580311605248_scam,#GoDaddy hijacked dh's domain name after he checked it there for availability! Now he has to buy it from them for $70! What a #scam,scam,http://en.wikipedia.org/wiki/Godsmack
186810580311605248_scam,#GoDaddy hijacked dh's domain name after he checked it there for availability! Now he has to buy it from them for $70! What a #scam,scam,http://en.wikipedia.org/wiki/Confidence_trick
186810580311605248_scam,#GoDaddy hijacked dh's domain name after he checked it there for availability! Now he has to buy it from them for $70! What a #scam,scam,http://en.wikipedia.org/wiki/Fraud
9823582280486913_singing,".@PoppleKyle @popplemusic  My 3yo son is resisting sleep by singing: ""I LOVE! PEANUT BUTTER SANDWICH! I LOVE! PEANUT BUTTER SANDWICH!""",singing,http://en.wikipedia.org/wiki/Singing
9823582280486913_singing,".@PoppleKyle @popplemusic  My 3yo son is resisting sleep by singing: ""I LOVE! PEANUT BUTTER SANDWICH! I LOVE! PEANUT BUTTER SANDWICH!""",singing,http://en.wikipedia.org/wiki/Singer
9823582280486913_sleep,".@PoppleKyle @popplemusic  My 3yo son is resisting sleep by singing: ""I LOVE! PEANUT BUTTER SANDWICH! I LOVE! PEANUT BUTTER SANDWICH!""",sleep,http://en.wikipedia.org/wiki/Sleep
9823582280486913_sleep,".@PoppleKyle @popplemusic  My 3yo son is resisting sleep by singing: ""I LOVE! PEANUT BUTTER SANDWICH! I LOVE! PEANUT BUTTER SANDWICH!""",sleep,http://en.wikipedia.org/wiki/The_Black_Parade
9823582280486913_sleep,".@PoppleKyle @popplemusic  My 3yo son is resisting sleep by singing: ""I LOVE! PEANUT BUTTER SANDWICH! I LOVE! PEANUT BUTTER SANDWICH!""",sleep,http://en.wikipedia.org/wiki/Sleep_(band)
9823582280486913_sleep,".@PoppleKyle @popplemusic  My 3yo son is resisting sleep by singing: ""I LOVE! PEANUT BUTTER SANDWICH! I LOVE! PEANUT BUTTER SANDWICH!""",sleep,http://en.wikipedia.org/wiki/Wayne_Sleep
9823582280486913_sleep,".@PoppleKyle @popplemusic  My 3yo son is resisting sleep by singing: ""I LOVE! PEANUT BUTTER SANDWICH! I LOVE! PEANUT BUTTER SANDWICH!""",sleep,http://en.wikipedia.org/wiki/Team_Sleep
9823582280486913_son,".@PoppleKyle @popplemusic  My 3yo son is resisting sleep by singing: ""I LOVE! PEANUT BUTTER SANDWICH! I LOVE! PEANUT BUTTER SANDWICH!""",son,http://en.wikipedia.org/wiki/God_the_Son
9823582280486913_son,".@PoppleKyle @popplemusic  My 3yo son is resisting sleep by singing: ""I LOVE! PEANUT BUTTER SANDWICH! I LOVE! PEANUT BUTTER SANDWICH!""",son,http://en.wikipedia.org/wiki/Son_(music)
9823582280486913_son,".@PoppleKyle @popplemusic  My 3yo son is resisting sleep by singing: ""I LOVE! PEANUT BUTTER SANDWICH! I LOVE! PEANUT BUTTER SANDWICH!""",son,http://en.wikipedia.org/wiki/Son
9823582280486913_son,".@PoppleKyle @popplemusic  My 3yo son is resisting sleep by singing: ""I LOVE! PEANUT BUTTER SANDWICH! I LOVE! PEANUT BUTTER SANDWICH!""",son,http://en.wikipedia.org/wiki/Songhay_languages
9823582280486913_son,".@PoppleKyle @popplemusic  My 3yo son is resisting sleep by singing: ""I LOVE! PEANUT BUTTER SANDWICH! I LOVE! PEANUT BUTTER SANDWICH!""",son,http://en.wikipedia.org/wiki/Son_River
9823582280486913_son,".@PoppleKyle @popplemusic  My 3yo son is resisting sleep by singing: ""I LOVE! PEANUT BUTTER SANDWICH! I LOVE! PEANUT BUTTER SANDWICH!""",son,"http://en.wikipedia.org/wiki/Sonoma_County,_California"
21242251462_allergy,"@Milehimama An allergic rxn to DTaP would have happened sooner. Could be antibiotics, infection, or unrelated allergy. I'd call the dr.",allergy,http://en.wikipedia.org/wiki/Food_allergy
21242251462_allergy,"@Milehimama An allergic rxn to DTaP would have happened sooner. Could be antibiotics, infection, or unrelated allergy. I'd call the dr.",allergy,http://en.wikipedia.org/wiki/Allergy
21242251462_call,"@Milehimama An allergic rxn to DTaP would have happened sooner. Could be antibiotics, infection, or unrelated allergy. I'd call the dr.",call,http://en.wikipedia.org/wiki/Call_option
21242251462_call,"@Milehimama An allergic rxn to DTaP would have happened sooner. Could be antibiotics, infection, or unrelated allergy. I'd call the dr.",call,http://en.wikipedia.org/wiki/Call_sign
21324116134_question,Brand new blog: Your Catholic Questions Answered! Be the 1st to ask a question: http://yourcatholicquestions.tumblr.com #catholic #christian,question,http://en.wikipedia.org/wiki/Renee_Montoya
21324116134_question,Brand new blog: Your Catholic Questions Answered! Be the 1st to ask a question: http://yourcatholicquestions.tumblr.com #catholic #christian,question,http://en.wikipedia.org/wiki/Percy_Bysshe_Shelley
21324116134_question,Brand new blog: Your Catholic Questions Answered! Be the 1st to ask a question: http://yourcatholicquestions.tumblr.com #catholic #christian,question,http://en.wikipedia.org/wiki/Question
21324116134_question,Brand new blog: Your Catholic Questions Answered! Be the 1st to ask a question: http://yourcatholicquestions.tumblr.com #catholic #christian,question,http://en.wikipedia.org/wiki/Question_(comics)
21324116134_question,Brand new blog: Your Catholic Questions Answered! Be the 1st to ask a question: http://yourcatholicquestions.tumblr.com #catholic #christian,question,http://en.wikipedia.org/wiki/Call_and_response_(music)
